id,make,model,year,color
1,Hyundai,Sonata,1999,Teal
2,Plymouth,Colt Vista,1992,Pink
3,Saab,9-7X,2008,Red
4,Lexus,LS,2009,Turquoise
5,Cadillac,DeVille,2001,Puce
6,Isuzu,i-Series,2007,Orange
7,Bentley,Continental,2010,Maroon
8,Scion,tC,2006,Maroon
9,Ford,Festiva,1990,Indigo
10,Lincoln,MKX,2010,Violet
11,Dodge,Caravan,1985,Green
12,Nissan,Xterra,2012,Fuscia
13,Mercedes-Benz,E-Class,2005,Turquoise
14,Audi,A6,1996,Goldenrod
15,Mitsubishi,Montero,2006,Indigo
16,Suzuki,XL7,2008,Turquoise
17,Toyota,Supra,1993,Orange
18,BMW,Z4,2009,Turquoise
19,Toyota,Truck Xtracab SR5,1989,Pink
20,Ford,Mustang,2006,Aquamarine
21,Aston Martin,DBS,2011,Indigo
22,Nissan,Pathfinder,2011,Yellow
23,Porsche,Boxster,2010,Maroon
24,Kia,Spectra,2007,Green
25,Maybach,57,2004,Violet
26,Mazda,Familia,1987,Green
27,Cadillac,Escalade ESV,2008,Goldenrod
28,Dodge,Dakota,1995,Violet
29,Mercury,Cougar,1970,Aquamarine
30,Hyundai,Elantra,1993,Yellow
31,Buick,Skylark,1995,Pink
32,Mazda,Tribute,2005,Yellow
33,Mazda,B-Series Plus,1992,Khaki
34,Bentley,Continental Flying Spur,2012,Green
35,Porsche,Cayenne,2008,Mauv
36,Acura,ZDX,2011,Blue
37,Chevrolet,HHR,2007,Puce
38,Mercedes-Benz,E-Class,2010,Puce
39,Dodge,Grand Caravan,2003,Blue
40,Lexus,LX,2000,Maroon
41,Ford,LTD Crown Victoria,1984,Aquamarine
42,Subaru,Legacy,2000,Puce
43,Mercedes-Benz,C-Class,1995,Crimson
44,Volkswagen,New Beetle,2010,Aquamarine
45,Lexus,GX,2007,Orange
46,Isuzu,Rodeo Sport,2001,Mauv
47,Jeep,Grand Cherokee,1996,Yellow
48,Hyundai,Tiburon,1999,Puce
49,Jeep,Compass,2012,Yellow
50,Mercedes-Benz,S-Class,2005,Turquoise
51,Mazda,MX-3,1992,Violet
52,Chevrolet,G-Series 2500,1998,Blue
53,Toyota,Tundra,2002,Aquamarine
54,Kia,Rio,2010,Red
55,Buick,Riviera,1989,Turquoise
56,Oldsmobile,Alero,1999,Pink
57,Nissan,Armada,2012,Violet
58,Mercedes-Benz,E-Class,1990,Maroon
59,Volvo,C70,2007,Aquamarine
60,Acura,RL,1999,Blue
61,Mercury,Cougar,1995,Aquamarine
62,Lincoln,Navigator L,2007,Red
63,Mitsubishi,Mirage,2000,Turquoise
64,Chevrolet,Caprice,1996,Violet
65,Dodge,Charger,1970,Violet
66,Ford,Falcon,1966,Purple
67,Suzuki,Swift,1991,Yellow
68,Cadillac,Eldorado,1995,Yellow
69,Lexus,LS,2008,Red
70,Mercedes-Benz,E-Class,1991,Yellow
71,Chevrolet,Corvette,2006,Aquamarine
72,Lexus,LS,1997,Red
73,Toyota,Tercel,1998,Turquoise
74,Volvo,XC90,2009,Fuscia
75,Ford,F-Series,1991,Mauv
76,Subaru,B9 Tribeca,2006,Turquoise
77,Subaru,Outback,2003,Aquamarine
78,Honda,Insight,2001,Khaki
79,Lexus,GS,1994,Yellow
80,Toyota,Corolla,1999,Green
81,Pontiac,Grand Prix,1986,Puce
82,Chevrolet,Colorado,2012,Red
83,GMC,2500 Club Coupe,1996,Yellow
84,Chevrolet,Corvette,2002,Red
85,Lincoln,Town Car,1991,Mauv
86,Hyundai,Accent,2010,Blue
87,GMC,Sierra 2500,2002,Purple
88,Smart,Fortwo,2010,Purple
89,Nissan,Pathfinder,1995,Mauv
90,Toyota,Sienna,1998,Blue
91,Audi,A8,2006,Red
92,Nissan,200SX,1996,Turquoise
93,Mercedes-Benz,R-Class,2012,Green
94,Cadillac,XLR-V,2007,Violet
95,Nissan,Quest,2008,Violet
96,Mercedes-Benz,S-Class,2002,Crimson
97,Lincoln,Continental Mark VII,1990,Green
98,Volkswagen,Cabriolet,1998,Goldenrod
99,Infiniti,G,1994,Yellow
100,Chevrolet,Astro,2005,Aquamarine
101,Land Rover,Range Rover,2000,Red
102,Audi,100,1989,Red
103,Saab,900,1996,Fuscia
104,Land Rover,Discovery,1998,Green
105,Acura,RSX,2005,Red
106,Pontiac,Sunbird,1988,Khaki
107,Suzuki,Vitara,2000,Puce
108,Nissan,Xterra,2009,Turquoise
109,Mercury,Sable,2000,Violet
110,GMC,Envoy,2006,Red
111,Volkswagen,Passat,1988,Teal
112,Studebaker,Avanti,1964,Red
113,Volvo,XC90,2006,Red
114,Toyota,Prius,2005,Teal
115,Chevrolet,Suburban 1500,2009,Turquoise
116,Volvo,V50,2009,Khaki
117,Mercury,Villager,2001,Teal
118,Bentley,Continental GTC,2010,Puce
119,Lexus,IS-F,2012,Khaki
120,Subaru,Baja,2004,Aquamarine
121,Volkswagen,Touareg,2006,Turquoise
122,Chevrolet,Corvette,1975,Puce
123,Jaguar,XJ Series,1995,Fuscia
124,Dodge,Ram 2500 Club,1996,Maroon
125,Chevrolet,HHR,2006,Maroon
126,BMW,5 Series,1994,Goldenrod
127,Infiniti,G37,2009,Khaki
128,Lexus,IS F,2009,Yellow
129,Mercedes-Benz,SLK-Class,2011,Crimson
130,Pontiac,Trans Sport,1994,Orange
131,GMC,Yukon Denali,2006,Indigo
132,Infiniti,G,1994,Yellow
133,Toyota,Tacoma,1997,Teal
134,Bentley,Continental Flying Spur,2006,Crimson
135,Toyota,Land Cruiser,2002,Mauv
136,Jaguar,XJ Series,1995,Pink
137,Mercury,Lynx,1984,Puce
138,Chevrolet,Sportvan G30,1994,Teal
139,Nissan,Sentra,1999,Puce
140,Toyota,MR2,2003,Fuscia
141,Dodge,Caravan,2011,Khaki
142,Chevrolet,Malibu,2010,Fuscia
143,Hyundai,Tiburon,1997,Mauv
144,Dodge,Omni,1978,Blue
145,Volvo,XC70,2004,Crimson
146,Volkswagen,Golf,2005,Blue
147,Jeep,Cherokee,1995,Puce
148,Mercedes-Benz,CL-Class,2010,Red
149,Aston Martin,Rapide,2012,Orange
150,Lincoln,Continental Mark VII,1987,Green
151,Aston Martin,DB9,2009,Crimson
152,Dodge,Ram Van 3500,2000,Yellow
153,Ford,GT500,2008,Crimson
154,Volvo,V40,2000,Puce
155,Toyota,Previa,1992,Orange
156,Ford,E-Series,2004,Orange
157,Jeep,Wrangler,1999,Khaki
158,Ford,E350,2006,Indigo
159,Audi,riolet,1996,Mauv
160,Nissan,Maxima,2004,Fuscia
161,Subaru,Outback,2000,Puce
162,Mercedes-Benz,R-Class,2009,Khaki
163,Pontiac,GTO,2005,Puce
164,Chrysler,Fifth Ave,1993,Red
165,Nissan,Quest,2005,Khaki
166,Chevrolet,G-Series 2500,1996,Maroon
167,Volkswagen,GLI,2008,Turquoise
168,Ford,LTD Crown Victoria,1991,Turquoise
169,Mazda,Tribute,2003,Teal
170,Cadillac,Escalade,2007,Khaki
171,Acura,Legend,1988,Mauv
172,Chevrolet,Corvette,2007,Fuscia
173,Nissan,Pathfinder,2008,Violet
174,Dodge,Neon,2000,Pink
175,Mercury,Lynx,1987,Red
176,Ram,Dakota,2011,Pink
177,Jeep,Patriot,2009,Mauv
178,Aston Martin,DB9,2006,Red
179,Jaguar,XK,2009,Purple
180,GMC,3500,1992,Khaki
181,Buick,Regal,1989,Khaki
182,Geo,Metro,1994,Aquamarine
183,Lexus,LS Hybrid,2010,Goldenrod
184,Chrysler,300,1999,Puce
185,Buick,Somerset,1986,Fuscia
186,Mitsubishi,GTO,1996,Red
187,Volkswagen,rio,1996,Yellow
188,Chevrolet,G-Series G20,1993,Green
189,Honda,Civic,2004,Turquoise
190,Lincoln,Continental,2000,Aquamarine
191,Pontiac,LeMans,1993,Blue
192,Buick,Enclave,2010,Indigo
193,Chevrolet,Express 1500,2005,Blue
194,Cadillac,Fleetwood,1992,Red
195,Land Rover,Freelander,2005,Maroon
196,Honda,Fit,2011,Violet
197,Plymouth,Grand Voyager,1994,Maroon
198,Ford,Club Wagon,1994,Yellow
199,BMW,5 Series,2002,Yellow
200,Ford,F-Series,1994,Indigo
201,Toyota,Matrix,2006,Puce
202,Mercedes-Benz,E-Class,2003,Crimson
203,Saab,900,1988,Purple
204,Mercedes-Benz,500SL,1992,Maroon
205,Maserati,430,1990,Goldenrod
206,Volvo,C70,2001,Turquoise
207,Suzuki,XL-7,2008,Yellow
208,Dodge,Ram Van B150,1993,Orange
209,Mitsubishi,Lancer,2012,Fuscia
210,Cadillac,Escalade EXT,2006,Goldenrod
211,Chevrolet,Lumina APV,1993,Turquoise
212,Oldsmobile,98,1992,Crimson
213,Kia,Borrego,2009,Aquamarine
214,GMC,Envoy XUV,2005,Red
215,Mazda,B-Series Plus,2002,Khaki
216,Ford,Explorer Sport Trac,2001,Turquoise
217,Cadillac,Escalade EXT,2012,Teal
218,Hyundai,Genesis,2009,Yellow
219,Oldsmobile,Silhouette,1993,Goldenrod
220,Volkswagen,Jetta III,1993,Crimson
221,Subaru,Outback,2006,Blue
222,Jeep,Wrangler,2008,Red
223,GMC,3500,1993,Crimson
224,Mitsubishi,Mirage,1987,Red
225,Mitsubishi,Chariot,1985,Blue
226,Ford,Club Wagon,1998,Puce
227,Ford,Focus,2013,Teal
228,Dodge,Intrepid,2004,Puce
229,Cadillac,CTS-V,2006,Khaki
230,Lincoln,Mark LT,2008,Crimson
231,Lexus,LX,1996,Blue
232,BMW,530,2005,Puce
233,Mitsubishi,Precis,1992,Fuscia
234,Nissan,Xterra,2003,Maroon
235,Chevrolet,Camaro,1981,Yellow
236,Porsche,Boxster,2008,Purple
237,Nissan,Titan,2009,Violet
238,Mazda,Tribute,2011,Yellow
239,Audi,A5,2010,Violet
240,Volkswagen,Jetta,1987,Maroon
241,Mitsubishi,GTO,1995,Purple
242,Toyota,Sienna,2002,Crimson
243,Fairthorpe,Rockette,1960,Maroon
244,Audi,90,1991,Fuscia
245,Buick,Riviera,1996,Purple
246,Saab,900,1989,Crimson
247,GMC,Envoy,1999,Aquamarine
248,Audi,S6,2003,Khaki
249,Chevrolet,Impala,1994,Yellow
250,Land Rover,Discovery,1999,Blue
251,GMC,Envoy,2007,Yellow
252,Subaru,Alcyone SVX,1992,Pink
253,Lincoln,Town Car,1985,Teal
254,Chevrolet,Monte Carlo,2003,Purple
255,Mitsubishi,Mirage,1987,Mauv
256,Mercedes-Benz,SL-Class,1993,Blue
257,Toyota,Celica,1984,Crimson
258,Mercedes-Benz,SLK-Class,2001,Goldenrod
259,Mitsubishi,3000GT,1992,Pink
260,Dodge,Spirit,1995,Orange
261,Volvo,S80,2003,Khaki
262,Ford,Explorer,2004,Aquamarine
263,Ford,E150,2008,Goldenrod
264,GMC,Vandura 1500,1992,Mauv
265,Jeep,Patriot,2011,Purple
266,Volkswagen,rio,2002,Yellow
267,Chevrolet,Camaro,1995,Violet
268,Mitsubishi,GTO,1990,Khaki
269,Pontiac,6000,1987,Indigo
270,Volvo,V70,2010,Crimson
271,Volkswagen,GTI,1989,Khaki
272,Pontiac,Montana,2002,Maroon
273,GMC,Sierra 3500,2012,Puce
274,Mitsubishi,Galant,2006,Orange
275,Chevrolet,Suburban 1500,1996,Green
276,Mercedes-Benz,SLS AMG,2011,Violet
277,Toyota,Avalon,2003,Mauv
278,Chevrolet,Tahoe,2006,Puce
279,Mitsubishi,Diamante,2003,Maroon
280,Kia,Sportage,1997,Crimson
281,Cadillac,Eldorado,1992,Khaki
282,Subaru,Impreza,1998,Green
283,Nissan,Frontier,2004,Mauv
284,GMC,2500,1992,Khaki
285,Pontiac,Tempest,1961,Green
286,Pontiac,Solstice,2007,Goldenrod
287,Buick,Roadmaster,1994,Indigo
288,Pontiac,Grand Prix,1999,Red
289,Volkswagen,Touareg,2012,Purple
290,Ford,E-Series,2001,Turquoise
291,Volvo,850,1997,Pink
292,Toyota,Cressida,1992,Fuscia
293,Audi,RS6,2003,Purple
294,Volvo,S40,2006,Aquamarine
295,Mitsubishi,Outlander,2003,Teal
296,GMC,Sierra 1500,2002,Puce
297,Infiniti,Q,2001,Fuscia
298,GMC,Sonoma,1994,Yellow
299,BMW,M3,2006,Turquoise
300,Isuzu,Stylus,1993,Red
301,Isuzu,Hombre,1999,Pink
302,Porsche,Boxster,2004,Puce
303,Audi,TT,2004,Teal
304,Chevrolet,Monte Carlo,1995,Purple
305,Acura,CL,1997,Mauv
306,Chevrolet,Equinox,2008,Teal
307,Hyundai,Accent,2009,Violet
308,Ford,F150,2000,Turquoise
309,Mercury,Grand Marquis,1991,Blue
310,Maserati,430,1989,Indigo
311,Ford,F-Series,2003,Turquoise
312,Chrysler,PT Cruiser,2006,Puce
313,Dodge,Charger,2008,Aquamarine
314,Mazda,Miata MX-5,2006,Mauv
315,Toyota,Solara,2002,Purple
316,Ford,Ranger,2008,Turquoise
317,Dodge,Sprinter,2009,Turquoise
318,Hyundai,Elantra,1996,Yellow
319,Volkswagen,Eos,2007,Fuscia
320,Ford,Thunderbird,1990,Puce
321,Mercedes-Benz,S-Class,2012,Green
322,GMC,Yukon XL 1500,2013,Aquamarine
323,Aston Martin,DB9,2010,Indigo
324,Isuzu,Amigo,1992,Teal
325,Volvo,S40,2007,Khaki
326,Mazda,Mazda3,2008,Maroon
327,Mercedes-Benz,G-Class,2002,Khaki
328,Ford,Taurus,1996,Mauv
329,Chevrolet,Suburban 1500,2009,Turquoise
330,Plymouth,Laser,1990,Fuscia
331,Dodge,Stratus,2000,Mauv
332,Porsche,Cayenne,2013,Yellow
333,Audi,80,1992,Orange
334,Dodge,Ram 2500 Club,1996,Turquoise
335,Chevrolet,1500,1998,Pink
336,Honda,Civic,1996,Aquamarine
337,Ford,F250,2005,Turquoise
338,Audi,S5,2010,Aquamarine
339,Mercedes-Benz,E-Class,1992,Maroon
340,Honda,Accord,2004,Orange
341,Volkswagen,Type 2,1988,Pink
342,Chrysler,Town & Country,2001,Puce
343,GMC,Sonoma,2001,Khaki
344,Lexus,RX,2013,Purple
345,Subaru,Outback,2011,Blue
346,Chrysler,Concorde,2003,Purple
347,Chevrolet,HHR,2010,Orange
348,Mercedes-Benz,E-Class,2005,Orange
349,Dodge,Ram 3500 Club,1995,Aquamarine
350,Chrysler,Town & Country,1995,Pink
351,Toyota,Tundra,2003,Pink
352,Chrysler,Pacifica,2006,Teal
353,Chevrolet,Express 3500,2002,Purple
354,Acura,Legend,1989,Teal
355,Lotus,Esprit,1997,Red
356,Acura,CL,2003,Red
357,Mazda,RX-8,2011,Goldenrod
358,Aston Martin,Rapide,2012,Orange
359,Hyundai,Accent,1997,Fuscia
360,Mitsubishi,Outlander,2010,Fuscia
361,Volkswagen,Tiguan,2010,Aquamarine
362,Oldsmobile,Achieva,1997,Crimson
363,Ford,F-Series,2008,Maroon
364,Hyundai,Sonata,2001,Turquoise
365,Volkswagen,Scirocco,1985,Crimson
366,Audi,TT,2005,Crimson
367,Acura,TL,2010,Red
368,Mercedes-Benz,SLK-Class,2002,Khaki
369,Mitsubishi,Lancer Evolution,2002,Teal
370,Acura,Integra,1997,Fuscia
371,Volkswagen,GTI,1998,Yellow
372,Hyundai,Accent,1995,Purple
373,Eagle,Talon,1991,Turquoise
374,Audi,S4,2006,Puce
375,Mercury,Milan,2010,Purple
376,Mitsubishi,Montero Sport,2004,Indigo
377,Volkswagen,Golf,1987,Turquoise
378,Chevrolet,Silverado 1500,2009,Crimson
379,Oldsmobile,Achieva,1992,Maroon
380,Chevrolet,Colorado,2007,Goldenrod
381,GMC,Suburban 1500,1992,Fuscia
382,Chrysler,LeBaron,1993,Red
383,Mercedes-Benz,CLS-Class,2009,Maroon
384,Mazda,CX-9,2008,Orange
385,Mazda,Protege,1999,Violet
386,Lincoln,Aviator,2003,Orange
387,Infiniti,QX,2000,Green
388,Plymouth,Neon,1997,Yellow
389,Mercedes-Benz,CLS-Class,2009,Green
390,Pontiac,Turbo Firefly,1988,Maroon
391,Citroën,CX,1989,Yellow
392,Maserati,Spyder,1991,Goldenrod
393,Jaguar,XJ Series,1998,Red
394,Mitsubishi,Outlander Sport,2012,Green
395,GMC,Sierra,2011,Puce
396,Pontiac,Grand Am,2005,Red
397,Land Rover,Discovery,1994,Aquamarine
398,Volvo,V70,2000,Mauv
399,Dodge,Sprinter,2008,Purple
400,Lexus,LX,2008,Puce
401,Eagle,Talon,1993,Goldenrod
402,Hyundai,Sonata,2000,Blue
403,Pontiac,Grand Prix,1966,Purple
404,Chevrolet,G-Series G20,1995,Goldenrod
405,Plymouth,Breeze,2000,Crimson
406,Pontiac,Vibe,2003,Maroon
407,Chevrolet,HHR,2009,Teal
408,Jeep,Wrangler,2006,Blue
409,Ford,Crown Victoria,1994,Turquoise
410,Lotus,Exige,2005,Blue
411,Buick,Century,1996,Fuscia
412,Infiniti,QX,2011,Green
413,Acura,SLX,1997,Teal
414,Toyota,Tacoma Xtra,2000,Crimson
415,Dodge,Caravan,2003,Blue
416,Mazda,B-Series,1989,Teal
417,Cadillac,DeVille,2001,Mauv
418,Tesla,Roadster,2012,Blue
419,Lexus,LS,2012,Maroon
420,Plymouth,Voyager,1996,Puce
421,Lincoln,Continental Mark VII,1988,Red
422,Chevrolet,Caprice,1977,Khaki
423,Subaru,Leone,1987,Turquoise
424,Ford,Ranger,1998,Puce
425,Kia,Spectra,2007,Mauv
426,Ford,Escape,2003,Khaki
427,Pontiac,Sunfire,2004,Indigo
428,Mercedes-Benz,E-Class,2000,Teal
429,Ford,Thunderbird,1988,Blue
430,Ford,F-Series,2001,Puce
431,BMW,530,2007,Blue
432,Chevrolet,Sportvan G30,1995,Violet
433,GMC,1500 Club Coupe,1997,Blue
434,Chevrolet,Prizm,2001,Goldenrod
435,Toyota,Camry Hybrid,2011,Mauv
436,Austin,Mini,1963,Fuscia
437,Mercedes-Benz,SL-Class,1999,Puce
438,Pontiac,Bonneville,1995,Blue
439,GMC,Yukon,2013,Yellow
440,Lincoln,Town Car,2008,Maroon
441,Toyota,Tundra,2008,Khaki
442,Dodge,Viper,1997,Indigo
443,Jaguar,XF,2009,Turquoise
444,Mitsubishi,Montero Sport,2002,Aquamarine
445,Volkswagen,Jetta,1984,Orange
446,Maserati,Quattroporte,2008,Violet
447,Ford,Ranger,1995,Aquamarine
448,Jeep,Commander,2008,Purple
449,Rolls-Royce,Ghost,2011,Fuscia
450,Lincoln,Town Car,2009,Goldenrod
451,Dodge,Intrepid,1995,Orange
452,Eagle,Summit,1993,Turquoise
453,Cadillac,XLR,2006,Teal
454,Subaru,Legacy,1999,Fuscia
455,Nissan,Sentra,2012,Blue
456,Audi,TT,2003,Crimson
457,Cadillac,Seville,1993,Khaki
458,Ford,E-Series,1985,Crimson
459,Chevrolet,Equinox,2005,Khaki
460,Volvo,V70,2009,Indigo
461,GMC,Sonoma,1992,Aquamarine
462,Volkswagen,Passat,2001,Green
463,Chevrolet,Suburban 1500,2001,Violet
464,Oldsmobile,Bravada,2003,Mauv
465,Volkswagen,riolet,1993,Puce
466,Chevrolet,HHR,2006,Maroon
467,Nissan,Sentra,1991,Pink
468,Maserati,Spyder,2003,Khaki
469,Honda,Element,2009,Orange
470,Lexus,GS,2004,Maroon
471,Mercedes-Benz,W126,1981,Fuscia
472,Chevrolet,Corvette,2000,Violet
473,Chevrolet,Equinox,2010,Mauv
474,Mazda,Miata MX-5,2004,Mauv
475,Kia,Sephia,1994,Purple
476,Hyundai,Tiburon,2000,Indigo
477,Mazda,MX-5,2000,Orange
478,Aston Martin,DBS,2009,Red
479,GMC,Envoy,1999,Turquoise
480,Mercedes-Benz,CL-Class,2004,Teal
481,Peugeot,207,2006,Puce
482,Isuzu,Space,1994,Khaki
483,Infiniti,FX,2007,Orange
484,Mitsubishi,Challenger,2001,Teal
485,Suzuki,Aerio,2007,Crimson
486,Citroën,2CV,1948,Turquoise
487,BMW,M3,1995,Indigo
488,Lexus,GS,1997,Pink
489,Jaguar,XK,2010,Blue
490,Hummer,H3T,2009,Crimson
491,Dodge,Viper,2000,Fuscia
492,Lexus,RX,2005,Crimson
493,Dodge,Ram Van 3500,1997,Aquamarine
494,BMW,6 Series,2010,Goldenrod
495,Dodge,Grand Caravan,1993,Turquoise
496,Audi,S6,1995,Pink
497,Dodge,Ram Wagon B350,1993,Fuscia
498,Toyota,Tacoma Xtra,2001,Orange
499,Pontiac,Grand Prix,1998,Orange
500,Chevrolet,1500,1993,Violet
501,Toyota,TundraMax,2010,Indigo
502,Jeep,Wrangler,2007,Red
503,BMW,1 Series,2009,Purple
504,Volkswagen,GTI,2006,Aquamarine
505,Mercedes-Benz,G-Class,2007,Purple
506,Toyota,Tercel,1993,Turquoise
507,Ford,Focus,2012,Red
508,Jaguar,XK Series,2000,Maroon
509,Mazda,RX-7,1995,Teal
510,Bentley,Continental Flying Spur,2007,Aquamarine
511,Nissan,Murano,2010,Teal
512,Chevrolet,Camaro,1980,Turquoise
513,Geo,Prizm,1992,Blue
514,Plymouth,Laser,1991,Turquoise
515,Mazda,Navajo,1993,Aquamarine
516,Dodge,Dakota,1993,Indigo
517,Subaru,SVX,1997,Purple
518,Lincoln,MKS,2011,Khaki
519,Oldsmobile,Bravada,1999,Mauv
520,Volvo,V70,2002,Orange
521,Dodge,Magnum,2007,Pink
522,Porsche,911,1992,Purple
523,Jeep,Cherokee,1993,Khaki
524,BMW,5 Series,1994,Violet
525,Audi,riolet,1995,Blue
526,BMW,3 Series,2010,Orange
527,GMC,Suburban 1500,1998,Purple
528,Land Rover,Range Rover,1995,Fuscia
529,Dodge,Ram,2010,Crimson
530,Holden,VS Commodore,1997,Teal
531,Chevrolet,Avalanche 2500,2003,Blue
532,Mitsubishi,Mighty Max,1986,Aquamarine
533,Dodge,Dakota,2005,Purple
534,Suzuki,Sidekick,1995,Aquamarine
535,Acura,Vigor,1994,Crimson
536,GMC,Savana 3500,2004,Violet
537,Volkswagen,Tiguan,2010,Aquamarine
538,Subaru,Leone,1988,Violet
539,Lexus,GX,2004,Pink
540,Toyota,RAV4,2003,Fuscia
541,Toyota,MR2,2005,Indigo
542,Kia,Sephia,1999,Teal
543,Dodge,Durango,1998,Khaki
544,Infiniti,FX,2010,Turquoise
545,Chevrolet,Traverse,2012,Indigo
546,Nissan,Pathfinder,1994,Indigo
547,Cadillac,Allante,1992,Goldenrod
548,Chevrolet,Camaro,1998,Turquoise
549,Chrysler,Crossfire Roadster,2006,Orange
550,Mercedes-Benz,SLR McLaren,2007,Violet
551,Nissan,Cube,2012,Turquoise
552,Volkswagen,New Beetle,1998,Indigo
553,Volvo,C70,2010,Fuscia
554,Nissan,Quest,2006,Indigo
555,Audi,4000s,1986,Crimson
556,Toyota,Camry,2001,Purple
557,Mercury,Grand Marquis,2005,Goldenrod
558,Kia,Sephia,1995,Blue
559,Suzuki,Aerio,2003,Puce
560,Infiniti,QX,2010,Orange
561,Pontiac,Firebird,2002,Maroon
562,Acura,RL,2004,Aquamarine
563,Lexus,LS,2005,Violet
564,Suzuki,SJ,1985,Mauv
565,Mitsubishi,Chariot,1986,Green
566,Acura,Integra,1998,Blue
567,Toyota,Sienna,1998,Turquoise
568,Ford,E-350 Super Duty,2006,Aquamarine
569,Dodge,Dakota Club,1995,Goldenrod
570,Volvo,S80,2006,Green
571,Acura,Vigor,1994,Red
572,Isuzu,Trooper,1999,Maroon
573,Nissan,Xterra,2009,Goldenrod
574,BMW,5 Series,2008,Indigo
575,Nissan,350Z,2006,Purple
576,McLaren,MP4-12C,2012,Fuscia
577,Hyundai,Elantra,1993,Mauv
578,Isuzu,Axiom,2002,Purple
579,Kia,Optima,2012,Turquoise
580,Dodge,Caliber,2012,Red
581,Mercedes-Benz,M-Class,2002,Aquamarine
582,Mazda,B2600,1987,Puce
583,Ford,Mustang,2002,Pink
584,Lincoln,Town Car,1996,Teal
585,Subaru,Legacy,1996,Goldenrod
586,Hyundai,Tiburon,2000,Red
587,Aston Martin,Vanquish S,2005,Goldenrod
588,Pontiac,Vibe,2008,Khaki
589,Ford,Thunderbird,1985,Goldenrod
590,Pontiac,Firefly,1991,Mauv
591,Mazda,Protege5,2003,Fuscia
592,Volvo,C70,2004,Blue
593,Toyota,Tundra,2011,Khaki
594,GMC,Vandura 3500,1993,Aquamarine
595,Mercedes-Benz,M-Class,1999,Aquamarine
596,Ford,Freestar,2005,Teal
597,Toyota,Celica,2001,Maroon
598,Nissan,Cube,2009,Red
599,Hyundai,Elantra,2004,Puce
600,Infiniti,G35,2008,Goldenrod
601,Pontiac,Firebird,2002,Khaki
602,Nissan,Maxima,1993,Aquamarine
603,Chevrolet,Tahoe,2001,Aquamarine
604,Mercedes-Benz,C-Class,2007,Orange
605,Isuzu,i-370,2007,Indigo
606,Dodge,Caliber,2010,Indigo
607,Mitsubishi,Pajero,2003,Violet
608,BMW,Z4 M,2006,Violet
609,Infiniti,J,1994,Mauv
610,BMW,3 Series,2005,Blue
611,Mercedes-Benz,SL-Class,1994,Red
612,Ford,Focus,2001,Puce
613,Hyundai,Tiburon,1999,Yellow
614,Toyota,Tundra,2005,Violet
615,Chevrolet,Express 3500,2001,Pink
616,Pontiac,Sunbird,1994,Crimson
617,Ford,Explorer Sport Trac,2001,Red
618,Honda,Insight,2012,Indigo
619,Chevrolet,Avalanche 1500,2005,Orange
620,Buick,LeSabre,1993,Yellow
621,Mercedes-Benz,SLR McLaren,2005,Indigo
622,Chrysler,Concorde,1996,Orange
623,Plymouth,Grand Voyager,1992,Orange
624,Honda,S2000,2009,Mauv
625,Audi,V8,1994,Violet
626,Ford,F-Series,2001,Fuscia
627,Chevrolet,Express 1500,2000,Red
628,Pontiac,Grand Am,1986,Violet
629,Pontiac,Trans Sport,1990,Red
630,Chrysler,Grand Voyager,2000,Fuscia
631,Pontiac,Grand Prix,2001,Aquamarine
632,Isuzu,Amigo,1998,Aquamarine
633,Jaguar,XJ Series,1994,Violet
634,Ford,Econoline E250,1992,Fuscia
635,Chevrolet,Suburban 1500,2006,Puce
636,Ford,Excursion,2005,Goldenrod
637,Lexus,IS,2011,Red
638,Pontiac,Sunfire,2001,Green
639,Buick,Regal,1995,Puce
640,Aston Martin,DB9,2005,Blue
641,Cadillac,Eldorado,2001,Aquamarine
642,Rolls-Royce,Ghost,2010,Aquamarine
643,Pontiac,Gemini,1988,Maroon
644,Subaru,Alcyone SVX,1993,Fuscia
645,GMC,Sonoma,2002,Turquoise
646,GMC,Yukon XL 2500,2010,Yellow
647,Chevrolet,Blazer,1993,Fuscia
648,Pontiac,Daewoo Kalos,2005,Indigo
649,Pontiac,Firefly,1992,Violet
650,Mercury,Villager,2001,Aquamarine
651,Chevrolet,Cavalier,1996,Red
652,Buick,Electra,1988,Indigo
653,Spyker,C8 Spyder,2004,Khaki
654,Honda,Element,2008,Puce
655,Porsche,Boxster,2012,Maroon
656,Cadillac,Eldorado,1995,Khaki
657,Lincoln,MKX,2009,Crimson
658,Saturn,Relay,2007,Pink
659,Chevrolet,Corvette,2011,Violet
660,Chevrolet,SSR,2005,Puce
661,Mercury,Mountaineer,2001,Red
662,Suzuki,XL-7,2005,Aquamarine
663,Isuzu,Trooper,1997,Yellow
664,Mercedes-Benz,SLK55 AMG,2009,Yellow
665,Mazda,MPV,2005,Fuscia
666,Chevrolet,TrailBlazer,2002,Goldenrod
667,Mitsubishi,Eclipse,2006,Khaki
668,Honda,Odyssey,2006,Goldenrod
669,Mazda,Mazda3,2010,Mauv
670,Mitsubishi,Eclipse,1998,Pink
671,Maserati,Quattroporte,2005,Pink
672,Mazda,RX-8,2004,Maroon
673,Chrysler,Town & Country,2000,Crimson
674,Chevrolet,Cobalt,2006,Blue
675,Buick,Century,2000,Violet
676,Chevrolet,Lumina,1996,Orange
677,Dodge,Colt,1993,Aquamarine
678,Honda,Prelude,1984,Teal
679,Kia,Amanti,2004,Goldenrod
680,Honda,Civic,1998,Puce
681,Ford,Taurus,1993,Fuscia
682,Chevrolet,Suburban 2500,2004,Violet
683,Infiniti,QX,2001,Fuscia
684,Nissan,Frontier,2006,Mauv
685,Honda,CR-X,1985,Blue
686,Porsche,Panamera,2010,Orange
687,Chevrolet,Caprice,1983,Puce
688,Nissan,Frontier,2000,Mauv
689,Ford,Five Hundred,2007,Indigo
690,Suzuki,Grand Vitara,2008,Indigo
691,BMW,745,2004,Khaki
692,Chevrolet,Suburban 2500,2001,Turquoise
693,Volkswagen,Cabriolet,1995,Pink
694,Suzuki,Samurai,1993,Maroon
695,Pontiac,Grand Prix,1967,Khaki
696,Honda,Odyssey,2002,Indigo
697,Chevrolet,Tahoe,1998,Pink
698,BMW,5 Series,1998,Yellow
699,MG,MGB,1977,Mauv
700,Plymouth,Prowler,1997,Teal
701,Buick,LeSabre,1986,Puce
702,Toyota,Sequoia,2004,Goldenrod
703,Oldsmobile,88,1992,Puce
704,Plymouth,Voyager,1996,Maroon
705,Mitsubishi,Outlander Sport,2011,Green
706,Toyota,Camry,2011,Purple
707,Chevrolet,Suburban 1500,1993,Maroon
708,BMW,525,2001,Goldenrod
709,Jaguar,XJ Series,1992,Purple
710,Honda,Pilot,2005,Orange
711,Ford,LTD Crown Victoria,1988,Khaki
712,Mitsubishi,Lancer,2005,Fuscia
713,Dodge,Caravan,2006,Violet
714,Bentley,Continental Super,2010,Khaki
715,Dodge,Journey,2011,Orange
716,Buick,Skylark,1988,Khaki
717,Dodge,Durango,2004,Red
718,Ford,Crown Victoria,2000,Crimson
719,Chevrolet,Tahoe,2012,Teal
720,Infiniti,G,1993,Khaki
721,Land Rover,Range Rover,1989,Puce
722,Audi,5000S,1987,Fuscia
723,Honda,CR-V,2002,Pink
724,Ford,F-250 Super Duty,2006,Green
725,Cadillac,Escalade,2006,Puce
726,Saab,9-5,2001,Pink
727,Mazda,B-Series Plus,1998,Goldenrod
728,Eagle,Talon,1992,Puce
729,Chevrolet,Suburban 1500,1999,Goldenrod
730,Jaguar,XJ Series,1992,Orange
731,Toyota,Celica,2002,Blue
732,Mitsubishi,Mirage,1994,Yellow
733,Kia,Rio,2011,Khaki
734,Saturn,S-Series,2000,Red
735,Cadillac,CTS,2008,Maroon
736,Pontiac,Gemini,1986,Maroon
737,BMW,X5,2011,Turquoise
738,Mercedes-Benz,G-Class,2008,Orange
739,BMW,M Roadster,2006,Teal
740,Hyundai,Elantra,2001,Blue
741,Chevrolet,Corvette,1957,Pink
742,Chevrolet,Corvette,2009,Orange
743,Volkswagen,Golf,1996,Teal
744,Chevrolet,Suburban 2500,2005,Red
745,Audi,A8,2003,Orange
746,Mercedes-Benz,S-Class,1998,Violet
747,Mazda,RX-7,1990,Violet
748,Toyota,Prius c,2012,Purple
749,Saturn,Sky,2009,Green
750,Saab,9000,1991,Fuscia
751,Honda,Civic,2011,Violet
752,Chevrolet,Suburban 1500,1995,Fuscia
753,Porsche,911,1998,Khaki
754,Chevrolet,Sportvan G20,1995,Aquamarine
755,Chevrolet,S10,1998,Teal
756,Toyota,Solara,2002,Khaki
757,Lincoln,Mark VIII,1997,Orange
758,Toyota,Sienna,2009,Orange
759,Dodge,D350 Club,1993,Mauv
760,Lincoln,Navigator L,2008,Crimson
761,Toyota,Corolla,2010,Green
762,Mercury,Capri,1991,Puce
763,Maybach,62,2005,Mauv
764,Nissan,Leaf,2012,Crimson
765,Maybach,62,2009,Violet
766,Toyota,Matrix,2005,Pink
767,Land Rover,Range Rover Classic,1993,Goldenrod
768,Mazda,Miata MX-5,2001,Puce
769,Kia,Spectra,2002,Blue
770,Mitsubishi,Raider,2007,Mauv
771,Ford,Th!nk,2002,Green
772,Toyota,Supra,1997,Puce
773,Chevrolet,Sonic,2012,Aquamarine
774,Ford,Thunderbird,1965,Orange
775,GMC,Envoy XUV,2005,Crimson
776,Suzuki,X-90,1996,Pink
777,Dodge,Ram 2500,2001,Goldenrod
778,Dodge,Avenger,1995,Mauv
779,Toyota,FJ Cruiser,2010,Blue
780,Lincoln,LS,2002,Yellow
781,Volvo,S60,2005,Goldenrod
782,Lexus,CT,2012,Khaki
783,Chevrolet,Monte Carlo,2004,Pink
784,Dodge,Intrepid,1994,Goldenrod
785,Chevrolet,G-Series G10,1992,Red
786,Dodge,Viper,2010,Green
787,Buick,Somerset,1985,Teal
788,Mercury,Grand Marquis,1984,Maroon
789,GMC,Suburban 1500,1994,Purple
790,Pontiac,Grand Prix,1963,Fuscia
791,Chrysler,Concorde,1994,Blue
792,Toyota,Avalon,1998,Pink
793,Pontiac,Firebird,2000,Puce
794,Toyota,Camry,1994,Aquamarine
795,Lincoln,Navigator,2004,Mauv
796,Fiat,Nuova 500,2012,Orange
797,Oldsmobile,Bravada,1992,Aquamarine
798,Kia,Spectra,2008,Maroon
799,Volkswagen,Jetta,1998,Orange
800,Audi,200,1990,Goldenrod
801,Buick,Regal,1988,Maroon
802,Hyundai,Azera,2009,Pink
803,Chrysler,Town & Country,1994,Yellow
804,Mercury,Sable,1991,Mauv
805,GMC,Yukon,2004,Green
806,Toyota,Land Cruiser,2000,Crimson
807,Chevrolet,Suburban 1500,1998,Pink
808,Chevrolet,Corvette,1963,Green
809,Dodge,Ram 2500,2004,Red
810,Subaru,Legacy,2005,Puce
811,GMC,Savana 3500,2003,Purple
812,Ford,E-Series,1988,Green
813,Acura,Integra,1995,Fuscia
814,Porsche,911,2004,Orange
815,Chevrolet,Tahoe,2012,Green
816,Jeep,Wrangler,1999,Green
817,Jaguar,XJ Series,1999,Indigo
818,Chevrolet,Suburban 2500,1998,Maroon
819,Chevrolet,Malibu,1998,Fuscia
820,Subaru,Legacy,2010,Goldenrod
821,Chevrolet,G-Series 3500,1998,Green
822,Pontiac,Grand Prix,1973,Turquoise
823,Pontiac,G5,2008,Purple
824,Bentley,Arnage,2005,Fuscia
825,GMC,2500 Club Coupe,1992,Goldenrod
826,Infiniti,G,2007,Aquamarine
827,Geo,Storm,1992,Yellow
828,GMC,Suburban 2500,1997,Green
829,BMW,7 Series,1997,Orange
830,Pontiac,Sunbird,1987,Goldenrod
831,Mercedes-Benz,SL-Class,1991,Maroon
832,Land Rover,Freelander,2011,Turquoise
833,Chevrolet,3500,2000,Green
834,Mercedes-Benz,E-Class,2004,Indigo
835,Chevrolet,Silverado 2500,2009,Teal
836,Mazda,Miata MX-5,1999,Goldenrod
837,Pontiac,GTO,1967,Aquamarine
838,Dodge,Caravan,1998,Puce
839,Chevrolet,Camaro,2000,Yellow
840,Ford,F-Series,1990,Blue
841,Nissan,Pathfinder,1999,Yellow
842,Chevrolet,Tahoe,1999,Indigo
843,Nissan,Frontier,2011,Crimson
844,Volvo,C70,1999,Blue
845,Audi,A8,2012,Aquamarine
846,Buick,Park Avenue,2002,Yellow
847,Pontiac,Bonneville,1987,Purple
848,Jeep,Grand Cherokee,2007,Green
849,Ford,Taurus,1988,Khaki
850,Pontiac,Bonneville,1990,Fuscia
851,Buick,Reatta,1988,Purple
852,Oldsmobile,Silhouette,1996,Goldenrod
853,Mercedes-Benz,CL-Class,2003,Maroon
854,Honda,Pilot,2012,Pink
855,Isuzu,i-280,2006,Khaki
856,Acura,ZDX,2011,Purple
857,GMC,Savana 3500,2011,Yellow
858,Hyundai,Azera,2012,Orange
859,Toyota,Sequoia,2001,Goldenrod
860,Buick,Reatta,1989,Blue
861,Ford,E-Series,1992,Crimson
862,Geo,Prizm,1994,Yellow
863,Mazda,MX-5,2008,Indigo
864,Land Rover,Range Rover,2006,Red
865,Dodge,Colt,1994,Purple
866,Isuzu,Trooper,1998,Violet
867,Isuzu,Trooper,2000,Maroon
868,Dodge,Caliber,2011,Indigo
869,Chevrolet,Express 3500,1999,Teal
870,Buick,Coachbuilder,1991,Purple
871,Audi,A4,2002,Puce
872,Lexus,GX,2003,Green
873,Mercedes-Benz,G-Class,2007,Maroon
874,Subaru,Impreza,2010,Blue
875,Dodge,Ram Van 2500,2001,Orange
876,GMC,Sonoma Club Coupe,1994,Mauv
877,Honda,S2000,2004,Green
878,Isuzu,Rodeo Sport,2003,Red
879,Mitsubishi,3000GT,1997,Pink
880,Audi,100,1990,Puce
881,Mitsubishi,Montero,2005,Red
882,Subaru,XT,1988,Green
883,Saab,9-7X,2005,Mauv
884,Ford,Mustang,1990,Pink
885,Buick,Riviera,1987,Turquoise
886,Land Rover,Discovery,2012,Fuscia
887,Ford,Econoline E350,1993,Indigo
888,Lamborghini,Aventador,2012,Crimson
889,Dodge,Ram 1500,2005,Blue
890,Ford,Escape,2005,Orange
891,Ford,Mustang,1985,Khaki
892,Volkswagen,Routan,2011,Teal
893,Volkswagen,Passat,1997,Purple
894,Maybach,57,2010,Pink
895,Mitsubishi,Excel,1987,Khaki
896,Lamborghini,Murciélago,2009,Maroon
897,Lexus,RX Hybrid,2012,Goldenrod
898,GMC,Yukon XL 2500,2003,Puce
899,Volvo,XC90,2003,Indigo
900,Mazda,Tribute,2011,Aquamarine
901,Suzuki,Esteem,1999,Khaki
902,Suzuki,Esteem,1997,Mauv
903,Lincoln,LS,2000,Red
904,Mercury,Sable,2009,Purple
905,Dodge,Grand Caravan,2002,Aquamarine
906,Audi,Cabriolet,1996,Blue
907,Hummer,H1,1997,Green
908,Chevrolet,Tracker,1999,Red
909,Nissan,Titan,2007,Puce
910,Volkswagen,R32,2004,Yellow
911,Ford,Model T,1909,Maroon
912,Mercedes-Benz,S-Class,1987,Purple
913,BMW,8 Series,1993,Orange
914,Honda,Civic,2009,Red
915,Mazda,B-Series,1992,Blue
916,Honda,Pilot,2007,Goldenrod
917,Chevrolet,TrailBlazer,2004,Turquoise
918,Dodge,Durango,2005,Aquamarine
919,Mercedes-Benz,SL-Class,1985,Green
920,Lexus,IS-F,2011,Orange
921,Chevrolet,Silverado 1500,2011,Yellow
922,Dodge,Dakota,2006,Aquamarine
923,Suzuki,Daewoo Lacetti,2005,Teal
924,Toyota,Yaris,2007,Orange
925,Honda,Accord,1996,Purple
926,Toyota,Tacoma Xtra,1995,Crimson
927,Ford,Escort,1990,Puce
928,Mazda,Mazda6,2007,Crimson
929,Volkswagen,Golf,2006,Pink
930,Lincoln,Navigator,2003,Puce
931,Mercedes-Benz,C-Class,1993,Orange
932,Ford,Thunderbird,1983,Violet
933,Nissan,Altima,1997,Aquamarine
934,Mercury,Villager,1999,Mauv
935,Volkswagen,Eos,2009,Blue
936,Mazda,B-Series Plus,1996,Purple
937,Mitsubishi,Excel,1989,Fuscia
938,Cadillac,CTS-V,2007,Purple
939,Scion,tC,2013,Turquoise
940,Chevrolet,Suburban 1500,2005,Aquamarine
941,Toyota,Avalon,2003,Mauv
942,Saturn,L-Series,2005,Blue
943,Ford,EXP,1986,Blue
944,Lexus,GS,2013,Violet
945,Ford,Escort,1998,Turquoise
946,GMC,Yukon,1995,Turquoise
947,Lexus,GS,2001,Crimson
948,Land Rover,Discovery,2001,Indigo
949,Ford,Mustang,1985,Red
950,Cadillac,Seville,2000,Pink
951,Ford,Explorer Sport,2000,Indigo
952,Mitsubishi,Montero,2004,Khaki
953,Ford,Explorer,2004,Indigo
954,Buick,Riviera,1999,Teal
955,Kia,Sedona,2009,Orange
956,Infiniti,G,2006,Crimson
957,Buick,Somerset,1986,Orange
958,Buick,Century,1996,Green
959,Oldsmobile,LSS,1998,Crimson
960,Lincoln,MKX,2007,Purple
961,Mazda,MX-3,1996,Red
962,Toyota,Highlander,2011,Yellow
963,Maserati,Karif,1989,Yellow
964,BMW,760,2003,Green
965,Cadillac,DTS,2010,Indigo
966,Lincoln,Continental Mark VII,1991,Yellow
967,BMW,5 Series,1994,Aquamarine
968,Chevrolet,Express,2012,Green
969,Buick,Coachbuilder,1994,Blue
970,Volkswagen,Touareg,2005,Green
971,Aston Martin,DB9,2011,Khaki
972,Buick,Regal,2000,Goldenrod
973,Pontiac,Bonneville,2004,Yellow
974,Nissan,Pathfinder Armada,2004,Yellow
975,Chevrolet,Astro,1993,Orange
976,Oldsmobile,Cutlass Supreme,1995,Crimson
977,Mercedes-Benz,300TE,1992,Violet
978,Jeep,Comanche,1992,Red
979,Kia,Sephia,1997,Crimson
980,Dodge,D250,1992,Violet
981,Tesla,Roadster,2010,Indigo
982,Ford,Expedition EL,2010,Orange
983,Hyundai,Elantra,2009,Teal
984,Dodge,Dakota Club,2003,Indigo
985,Mazda,B-Series Plus,1998,Teal
986,Porsche,Cayman,2010,Puce
987,Mazda,Familia,1986,Goldenrod
988,Mazda,CX-7,2011,Maroon
989,Mazda,CX-7,2012,Maroon
990,Ford,F150,2000,Mauv
991,Suzuki,Vitara,2000,Maroon
992,Bentley,Azure,2010,Red
993,Oldsmobile,Intrigue,1999,Turquoise
994,Dodge,Ram 1500 Club,1996,Maroon
995,Tesla,Roadster,2012,Mauv
996,Dodge,Ram Wagon B150,1992,Red
997,Nissan,300ZX,1995,Mauv
998,Smart,Fortwo,2008,Yellow
999,Mercury,Villager,1999,Orange
1000,GMC,Vandura G2500,1995,Crimson
